[
  {
    "title": "3 trucos para ahorrar sin darte cuenta",
    "date": "2025-05-06",
    "image": "https://via.placeholder.com/500x300.png?text=Trucos+de+ahorro",
    "content": "Usá reglas de automatización bancaria, apps de redondeo de compras, y transferencias invisibles."
  },
  {
    "title": "Cómo armar un presupuesto mensual con estilo",
    "date": "2025-05-01",
    "image": "https://via.placeholder.com/500x300.png?text=Presupuesto+mensual",
    "content": "Planificá tus gastos fijos y flexibles con una plantilla editable que podés decorar a tu gusto."
  }
]